<?xml version="1.0" encoding="UTF-8"?>
<project-private xmlns="http://www.netbeans.org/ns/project-private/1">
    <editor-bookmarks xmlns="http://www.netbeans.org/ns/editor-bookmarks/2" lastBookmarkId="0"/>
    <open-files xmlns="http://www.netbeans.org/ns/projectui-open-files/2">
        <group>
            <file>file:/Users/jeshc/programacion/poo2259/poo2257_2020_2/ArreglosIntro/src/arreglosintro/ArreglosIntro.java</file>
            <file>file:/Users/jeshc/programacion/poo2259/poo2257_2020_2/ArreglosIntro/src/ico/fes/poo/Computadora.java</file>
        </group>
    </open-files>
</project-private>
