<?xml version="1.0" encoding="UTF-8"?>
<project-private xmlns="http://www.netbeans.org/ns/project-private/1">
    <editor-bookmarks xmlns="http://www.netbeans.org/ns/editor-bookmarks/2" lastBookmarkId="0"/>
    <open-files xmlns="http://www.netbeans.org/ns/projectui-open-files/2">
        <group>
            <file>file:/C:/Users/LABCOM2/Documents/NetBeansProjects/Composicion2/src/ico/fes/organos/Corazon.java</file>
            <file>file:/C:/Users/LABCOM2/Documents/NetBeansProjects/Composicion2/src/ico/fes/organos/Estomago.java</file>
            <file>file:/C:/Users/LABCOM2/Documents/NetBeansProjects/Composicion2/src/ico/fes/organos/Cerebro.java</file>
            <file>file:/C:/Users/LABCOM2/Documents/NetBeansProjects/Composicion2/src/ico/fes/organos/Pulmon.java</file>
        </group>
    </open-files>
</project-private>
