<?xml version="1.0" encoding="UTF-8"?>
<project-private xmlns="http://www.netbeans.org/ns/project-private/1">
    <editor-bookmarks xmlns="http://www.netbeans.org/ns/editor-bookmarks/2" lastBookmarkId="0"/>
    <open-files xmlns="http://www.netbeans.org/ns/projectui-open-files/2">
        <group name="Clases ICO">
            <file>file:/Users/jesushc/Google%20Drive/Profesor%20de%20carrera/_Materiales/POO/ejemploBanco/poo/hilosReloj/composicion/src/ico/fes/componentes/RAM.java</file>
            <file>file:/Users/jesushc/Google%20Drive/Profesor%20de%20carrera/_Materiales/POO/ejemploBanco/poo/hilosReloj/composicion/src/ico/fes/componentes/CPU.java</file>
            <file>file:/Users/jesushc/Google%20Drive/Profesor%20de%20carrera/_Materiales/POO/ejemploBanco/poo/hilosReloj/composicion/src/composicion/TestCompu.java</file>
            <file>file:/Users/jesushc/Google%20Drive/Profesor%20de%20carrera/_Materiales/POO/ejemploBanco/poo/hilosReloj/composicion/src/ico/fes/equipo/Computadora.java</file>
            <file>file:/Users/jesushc/Google%20Drive/Profesor%20de%20carrera/_Materiales/POO/ejemploBanco/poo/hilosReloj/composicion/src/ico/fes/componentes/Monitor.java</file>
        </group>
    </open-files>
</project-private>
